latitude,longitude,time_index
51.53711976565905,45.29857488726506,0
-25.19280131125072,-89.51834985737275,1
-15.821166878428487,109.84672442057392,2
48.66847118101349,-34.80708707982635,3
-39.96862464847997,-154.80311437596757,4
1.4107725786920473,50.10826811417271,5
37.5103106466889,-106.86684111828153,6
-49.907601777894776,131.52819495678722,7
18.5705054080475,-9.85443454824679,8
22.15243804960985,-171.0853050807799,9
-50.97182435630147,51.110601466395714,10
34.4183961398373,-72.89625119407017,11
5.1176676898714675,128.5272588703542,12
-42.563502734125585,-24.48199838309149,13
46.786771132038275,-142.89984831263274,14
-12.225583110835345,68.92556681716202,15
-28.526237600798847,-91.1795879446364,16
51.79901796250435,138.1673476693279,17
-28.74011467705927,7.433840733339158,18
-12.025624512598887,-152.5964681314286,19
46.74006880890012,59.25256403182793,20
-42.7427958326476,-59.40047009394483,21
5.2806139952843685,147.8391449366563,22
34.329621460906026,-10.729559452475536,23
-51.03533761240873,-135.15105769651396,24
22.270225392893302,87.46703644098751,25
18.440215891020454,-73.76780769372314,26
-49.812484839703956,144.46675687479208,27
37.58346800599696,23.247693384246062,28
1.2414162094332977,-133.74560490430252,29
-39.78432099606758,70.97251573231854,30
48.69983861299747,-48.82419585067906,31
-16.018218270606813,166.47730902898482,32
-24.99608174859811,5.811449596860626,33
51.5285340224767,-128.9298890352715,34
-32.153436333168024,104.14331705496264,35
-8.20823408630975,-54.93759169409719,36
44.45499605802001,153.84109943497066,37
-45.22921076316609,35.556023107861414,38
9.119367929215903,-114.45547737929392,39
30.998563977683013,85.77139416413175,40
-51.66472538488382,-42.0810935477964,41
25.87610661476827,-175.38112585772586,42
14.682728509171811,23.71095947883923,43
-48.2099491087956,-121.73631724761786,44
40.537315426271135,119.01679343780238,45
-2.6205582283481634,-35.995472477042654,46
-36.791583101568655,166.87457497764333,47
50.18848929165481,44.81459575035877,48
-19.741292332906163,-96.07808037359459,49
-21.387873466706825,103.02990348231504,50
50.74320983308447,-35.81568776032066,51
-35.408507692839514,-159.43354753761653,52
-4.381793637306922,42.79277336087574,53
41.87078046187484,-111.05303173957475,54
-47.38231197241542,130.04959780618046,55
12.915417442990279,-16.803483532467936,56
27.548642992624018,-177.4179010675864,57
-51.77806531814442,50.89821254470397,58
29.369706295223132,-78.43718593429445,59
10.895776248570032,121.31549027340081,60
-46.21964655027074,-27.439844805139877,61
43.242295652581824,-145.63139413588763,62
-6.4568114946635475,61.750434272142165,63
-33.625918565287805,-96.82919887457545,64
51.2093136467717,138.10137594467363,65
-23.380245012664535,1.2268738542751831,66
-17.72104534977946,-159.56591252683103,67
49.47958750470038,57.6556800041652,68
-38.477210945248075,-63.34157800935247,69
-0.5580694570452505,140.56619234620976,70
39.03970989029907,-15.46581915145375,71
-49.15485124060207,-135.9083038363793,72
16.656581155285764,80.76636693294456,73
24.006199501741673,-80.34707261194352,74
-51.377805453649295,143.96205217236752,75
32.729790899408506,18.257757628216744,76
7.093286091172242,-140.98627032118412,77
-43.89840342001846,67.37029714679467,78
45.65605224543893,-50.7288100196614,79
-10.256010573404485,159.46519992852268,80
-30.321532329466535,-0.19255806349807053,81
51.73076689982327,-128.83323072729425,82
-26.918847407301346,98.35731065211436,83
-14.012205184345465,-62.01321109700443,84
47.787246206032236,151.58216611866982,85
-41.327094281569565,32.375716343701455,86
3.2518162263739465,-121.64434269164427,87
36.00747972847804,80.55398516752845,88
-50.50159001392609,-42.267969512368076,89
20.329743400508995,178.2238467772674,90
20.3933592220132,16.939162612692574,91
-50.486497275527036,-122.72665538104992,92
35.93173433606142,114.6602689237752,93
3.287803971315016,-43.22368668549529,94
-41.30002141024269,162.67570910298704,95
47.73261224776171,43.71189559806269,96
-14.006605341788504,-102.8784126647687,97
-26.90703420260926,96.73359188126236,98
51.73864783460452,-35.8253090216388,99
-30.338703604679004,-164.72421383125123,100
-10.275788677881778,35.654616379424354,101
45.72196923196085,-113.98822801755941,102
-43.921197266496094,127.68044925916672,103
7.037040033392701,-23.865085453814334,104
32.81307321756046,176.9531261505937,105
-51.38437617864455,51.06429660958345,106
23.92045159602445,-84.46326750064756,107
16.728880319699087,114.40086995420371,108
-49.143092939952254,-29.040159561867497,109
38.94694315419243,-149.2740508689548,110
-0.5090912342410863,54.5758397825379,111
-38.47282592254409,-101.5619904603984,112
49.42478463433808,137.70778950504493,113
-17.696494715769624,-5.308551799492414,114
-23.406363758716363,-166.09736189033953,115
51.23906684677511,57.29893172271289,116
-33.618711576151725,-68.0576274210116,117
-6.524600884195123,133.40728160817494,118
43.339905527664385,-19.04935266191528,119
-46.21844976757741,-137.453135558045,120
10.786755792774315,73.87783449479952,121
29.489317371257638,-86.32107587386125,122
-51.77772477511614,144.22290617265935,123
27.41247045205109,12.670392262161137,124
13.028876135050815,-147.99760384256692,125
-47.39700881654667,65.10272304977815,126
41.74242027332596,-53.58785660908522,127
-4.286430018784063,152.38619094310224,128
-35.458768438003105,-5.39105708019237,129
50.68808889082239,-128.68477358451156,130
-21.312672768846117,92.14518315322775,131
-19.839670768969544,-68.72736830735346,132
50.257691806415174,150.69622588396868,133
-36.73451130097912,28.315334760063887,134
-2.770267337705781,-128.78311427320077,135
40.69361615202152,76.37550071902484,136
-48.17499325191838,-43.0300376740741,137
14.4897796411622,171.5578159903312,138
26.063723772202113,10.68197013142879,139
-51.673354314073705,-122.6316267226474,140
30.78728930990107,109.58757847105383,141
9.307417589859305,-50.28829072369093,142
-45.30191543481077,159.73745161298623,143
44.28065749966808,41.68248463383872,144
-8.033531156586466,-109.81810145356795,145
-32.29352199287604,91.13731693151216,146
51.485961655718256,-35.36563416061847,147
-24.84084295951576,-170.548722555345,148
-16.22409240626557,28.806066046961305,149
48.83554764344265,-115.51460746226144,150
-39.65798342455164,124.35271770126187,151
0.9763836671900908,-30.9427582749316,152
37.83000108020225,172.24561567109683,153
-49.74675519103555,50.97511761178899,154
18.134266791374028,-90.85277241070932,155
22.559384148286075,107.91725975411123,156
-51.082059599679134,-29.33588227429934,157
34.02359126359408,-153.75141875642987,158
5.57703224712392,47.49969768019896,159
-42.91073008013309,-105.13732155490246,160
46.520139292891024,136.51363821341448,161
-11.739699829789037,-12.06244849321192,162
-29.00709722771152,-172.0268326219827,163
51.79525649176576,57.80419793797921,164
-28.264992654831595,-73.42403538456831,165
-12.574413190045604,126.4693618093923,166
47.022954410916576,-21.261556441572278,167
-42.3569159406807,-139.98473557601073,168
4.704987791645119,66.903238843859,169
34.789641906377135,-91.48781938454393,170
-50.89338654123836,144.62601050562307,171
21.70736665863583,6.616893965815503,172
18.995805504816197,-154.65560232558286,173
-50.03214944952612,64.25228035617579,174
37.09671471451581,-57.38801888637203,175
1.8491206894478243,145.33948619713829,176
-40.272388504085896,-9.548060831913952,177
48.41680781744696,-129.0959282297541,178
-15.393929621886086,85.62724245295867,179
-25.624660956365993,-74.93008942894323,180
51.6104411132786,150.98641341706013,181
-31.56692737792652,23.483116035839046,182
-8.903615436461685,-135.76776588290426,183
44.87351088039602,73.48326941675381,184
-44.79502936009297,-44.72890278422871,185
8.405342607982584,164.73024820770073,186
31.607016829988503,5.1245208577261065,187
-51.583179586882615,-121.97309253233865,188
25.194845397408976,103.93565600319107,189
15.389639455197965,-57.07270060033504,190
-48.56503410025638,158.23674494780334,191
39.978174548006514,38.63633664106105,192
-1.8656893883695251,-116.79421061577149,193
-37.43025930647838,86.46435151823164,194
49.9268018815321,-35.11644910543191,195
-18.984594827316997,-176.7759490779918,196
-22.167374957243823,22.38519259740374,197
50.944962446260035,-115.65828271209435,198
-34.72577717808389,120.13451017500854,199
-5.22333690199933,-37.93296503903556,200
42.43942803509708,168.71331554568465,201
-46.932628746122404,50.102392677351105,202
12.067121038625185,-97.48643423673839,203
28.311154152215316,102.03374730157189,204
-51.797932362052784,-28.684300624311053,205
28.58066890834959,-158.92993807427703,206
11.755298002632513,40.633654146121614,207
-46.72952868680139,-107.32260540598965,208
42.63536552531642,134.2832316524154,209
-5.557232774152453,-18.925689913621223,210
-34.42174475693663,-177.14731159949295,211
51.01053167289751,58.52052487959889,212
-22.499121408748568,-79.30042115788687,213
-18.653166293803935,119.88097263798029,214
49.82920881591271,-21.993484600560496,215
-37.71750976755903,-143.50928596136555,216
-1.5442546734023297,59.94811369187194,217
39.7686318981518,-95.60083004303809,218
-48.72819290395085,144.51368295285624,219
15.679586232112111,0.2278858249545836,220
24.92644177180149,-160.80542556942876,221
-51.53629611851971,64.64718213037521,222
31.846546703976262,-62.01571317647781,223
8.105465852786434,138.43429825450053,224
-44.576508344492275,-12.405793331015463,225
45.03164383378947,-130.47789863410705,226
-9.215523558813477,78.92118077962078,227
-31.278590711587874,-80.43132252807693,228
51.63763341941104,151.92341167548344,229
-25.923627504581646,18.02356847247843,230
-15.09739631427448,-142.47680357319632,231
48.30583765050712,72.07767904510459,232
-40.51452071560569,-47.48710331151876,233
2.123586246963695,157.85121533376574,234
36.903419802874225,0.4987474172590313,235
-50.14114092849411,-121.45966349157055,236
19.231295355050236,97.84681043751061,237
21.47343515045931,-63.43402197139582,238
-50.81438007376282,158.17080462357464,239
34.97145022778717,34.640437683539396,240
4.4515262543224035,-123.69742410639805,241
-42.15491866351365,82.97676331822062,242
47.12705841940375,-35.66297739584594,243
-12.83048470232625,176.72243916084184,244
-28.02754062004167,16.566057692078413,245
51.791706929238586,-114.76754031409665,246
-29.242528655603127,115.16365872075667,247
-11.513425142447414,-44.71872421840422,248
46.42408594583476,166.6085153843883,249
-43.08542290980744,48.165952857253004,250
5.770482899869011,-104.24708122114103,251
33.88020226295553,96.96477649537299,252
-51.13574626896149,-27.745578729920354,253
22.70978144942659,-164.65759247116256,254
17.969589740684004,34.111181434407975,255
-49.66334816417521,-107.98975270096051,256
37.93114182866712,130.99948130427788,257
0.803918816521893,-25.7862728811287,258
-39.50938511107828,178.79484859413185,259
48.880038258202,58.73503478100079,260
-16.391677577880095,-85.54646047524109,261
-24.691101130821437,113.80207300920785,262
51.47337425663905,-21.397785346588545,263
-32.438110460580134,-147.9146211608149,264
-7.913082317816347,53.12749807243679,265
44.23461794169343,-98.38608530065778,266
-45.39522265892899,143.42327509263086,267
9.38680798209784,-6.369889840801645,268
30.72987493707106,-166.2503880472938,269
-51.68568070070448,65.7643886671172,270
26.10120492754553,-67.31515226965115,271
14.42989264621018,131.79728782534818,272
-48.124880205555584,-13.748875328778201,273
40.69778662823366,-132.97688827335853,274
-2.827553208769586,72.14431428150367,275
-36.67916802695666,-84.99251210439834,276
50.25025759397768,152.75443874783258,277
-19.88802029659326,12.088901427910876,278
-21.28829166651616,-148.7620201620117,279
50.70052730835036,72.17929006477857,280
-35.490084510949025,-51.247467132542006,281
-4.3070594372558535,151.03643160823853,282
41.78578796086214,-2.919840695754835,283
-47.406130731225794,-121.72674465563992,284
12.962753911222022,91.45948945471947,285
27.478484356529915,-69.19204767520077,286
-51.778132840033685,159.20604346559512,287
29.389970447578754,29.84218013061347,288
10.867393684527379,-130.40524713823066,289
-46.245973395100414,80.93875224140034,290
43.239771576103074,-37.32306698242223,291
-6.43345048954876,170.0716894377582,292
-33.69803624558215,11.569498895346925,293
51.20261387052158,-113.5297921212939,294
-23.307485371807484,109.60151061076321,295
-17.83531918583423,-51.1610154081481,296
49.50563900056251,166.08281942262013,297
-38.37516526294649,45.12819522301325,298
-0.7052415454309574,-111.01564455305179,299
39.121469320067874,92.97530877507451,300
-49.07927096089412,-27.273034584232192,301
16.48807558797719,-170.78289340133222,302
24.147978255252088,28.098121226039233,303
-51.416220141415984,-107.27447987498516,304
32.55831239235448,126.78034411068879,305
7.293647547842191,-32.52319473832124,306
-44.07438768861277,176.08366201748763,307
45.521920471405174,57.93528401453212,308
-10.004446213072553,-92.02650108407556,309
-30.59466480803181,108.4356728067422,310
51.711757197243344,-20.00699961039612,311
-26.636769801116788,-153.03739603084674,312
-14.346159235309102,46.57388265129189,313
47.93110674188848,-99.60658332542857,314
-41.06673921043138,141.17660928270965,315
2.883006956418517,-13.051275121347352,316
36.280158530253715,-170.74217501850396,317
-50.37744835036558,66.82544775757448,318
19.951821451238455,-73.12206844721537,319
20.75692825328901,125.58245555588391,320
-50.61881070420805,-13.541037750179596,321
35.58586524608002,-136.53643107525923,322
3.719082801332767,65.41887056169742,323
-41.65541431486712,-88.32920679400407,324
47.50635226589892,152.7877566540895,325
-13.53108360083771,5.82722047657624,326
-27.39327134213831,-154.43687654351615,327
51.76609020755734,73.45946526426879,328
-29.86093485239065,-55.85850435621996,329
-10.833045068839656,144.41456227455353,330
46.02410517670651,-4.847994614430709,331
-43.53474476412961,-123.13368450804285,332
6.4485877086583665,84.90767309447824,333
33.29492982687983,-74.11729068636406,334
-51.26885835379516,160.6439487839238,335
23.34204399729288,24.415473874107256,336
17.32117491160561,-136.77281447876123,337
-49.41779226768204,80.5154419850391,338
38.449256828279864,-40.14461780306131,339
0.1533138364460827,163.39802434888975,340
-39.03003681382236,7.668897852519664,341
49.1542394011851,-112.7531785473291,342
-17.003531677291903,103.60973154993562,343
-24.114315186830225,-57.08761474860389,344
51.36997821348437,167.01489223832468,345
-32.96302014371009,41.10563643052729,346
-7.306875942123713,-117.66453551348864,347
43.83218191322661,90.36589159403748,348
-45.745936888758,-27.82523275645524,349
9.982432548383223,-177.16045513427096,350
30.19386376144547,22.805358876893145,351
-51.731175824667545,-105.70994396822506,352
26.645483299124596,121.80148265095447,353
13.854380668932539,-38.99794734814959,354
-47.853730498652126,174.96784850617234,355
41.121795710449014,55.920513572739274,356
-3.394589280769338,-98.60751726510316,357
-36.23420346485419,104.03825598649064,358
50.42861520248055,-18.6450451571102,359
-20.411330009111868,-158.70308561186775,360
-20.775165285283475,40.447733715688614,361
50.54335581482882,-99.20689067385007,362
-35.92364901746658,137.82105166640568,363
-3.7775588991875004,-19.686951030145732,364
41.40019498018349,-173.98196499482825,365
-47.66475657510688,67.09441533926984,366
13.475275308959795,-79.27754056832242,367
27.00068398066989,119.98369442043683,368
-51.75503668111424,-12.105994133693137,369
29.84722110519457,-140.99421729259382,370
10.368494257966931,58.879813227391594,371
-45.97121823685448,-90.1474927554693,372
43.57337048742088,151.62801392317618,373
-6.915859783536929,-0.6188707060986575,374
-33.298834330882556,-159.26385235074713,375
51.298093286226894,75.188595177897,376
-23.743114737299393,-61.13668860364139,377
-17.39069527920109,138.13705955483465,378
49.3188476607462,-5.099935955165822,379
-38.720662255259995,-125.74664436074606,380
-0.2542985836335876,78.32528535041934,381
38.76861031053883,-77.92374985332911,382
-49.255022447670875,161.63964213301608,383
16.917421396445956,18.533901387991026,384
23.735441145785135,-142.62087565245838,385
-51.3458284742813,81.59247807935249,386
32.930310180011354,-44.00365970665694,387
6.874138134690041,156.8357109221861,388
-43.814955259567505,5.175016003170321,389
45.770733009402555,-113.0441584652549,390
-10.401810354119736,97.34307574565953,391
-30.250236232267632,-62.27970122752859,392
51.74092066801929,168.85595550900263,393
-26.986320565462098,36.2818614944635,394
-13.973794150481236,-124.04848812358806,395
47.73738666625651,89.40549014480894,396
-41.328847300492605,-29.630400084642137,397
3.2541514451026012,176.35117774647458,398
35.97286180764994,18.500623420541427,399
-50.482552659515264,-104.14697277934279,400
20.298506475885905,116.25034414448733,401
20.41515949617312,-45.04320900724356,402
-50.523144464967494,175.51040969803483,403
35.875395604812994,52.73969525137579,404
3.3809329772866636,-105.15304092870623,405
-41.42704116662226,100.91873631034338,406
47.678381997633394,-18.103114561583254,407
-13.843616246083045,-164.7427481263524,408
-27.110695923398897,34.95079310501415,409
51.74837585038169,-97.51290533559538,410
-30.126857243674003,133.5237699770159,411
-10.535796070731989,-26.13496058930729,412
45.84361656309501,-175.6568942065379,413
-43.71987090284319,66.1412310075299,414
6.739263845449327,-85.62967851161329,415
33.04340259006129,115.24870921988794,416
-51.31856391972434,-10.19145389320392,417
23.60723704401313,-146.15308015750054,418
17.05440978435482,52.68541021294831,419
-49.31807079257801,-90.25356545906305,420
38.6603642167288,149.20195597156572,421
-0.1022267824750008,-7.1077483065804,422
-38.84547518957001,-162.94686651560747,423
49.26025900667651,76.4658069752557,424
-17.232096429161246,-66.89797574491092,425
-23.899111987327068,132.39094626593212,426
51.32645015436993,-3.782301307156937,427
-33.148765683592735,-129.4414038535897,428
-7.0868398903619765,71.85390272039662,429
43.68207115215558,-80.28329641478668,430
-45.862569381609745,161.54835832681155,431
10.192528438102904,12.362489932666964,432
30.00613376089738,-147.72123270184935,433
-51.743311928139114,83.60915079571808,434
26.831107837994,-48.7028331418331,435
13.665799499387727,150.5369049694203,436
-47.769196015902686,4.36562573279808,437
41.26008756605181,-114.64939259861733,438
-3.566933609332175,90.95130952952256,439
-36.10359587067213,-66.45949625511797,440
50.48235923071484,170.70519688333508,441
-20.55748501225174,30.854848583424307,442
-20.63159176583923,-129.99246474624442,443
50.495205526786684,90.17114033676677,444
-36.03386981031032,-32.645315516078405,445
-3.63617088014087,169.8961946114219,446
41.29456753033132,15.508626708427096,447
-47.72378595620771,-103.41472963365156,448
13.605249560510506,110.30724701175507,449
26.882993508062494,-50.44846444479029,450
-51.7490992444163,177.37747185294631,451
29.956094676890114,48.572903225431524,452
10.260385024009517,-111.51405003100528,453
-45.91846387949891,99.39979788932233,454
43.64636323903621,-18.842599782526953,455
-7.005052385543928,-170.99554078444214,456
-33.23013467841528,30.34071727051677,457
51.31610129503572,-95.31131179423575,458
-23.80918661580777,128.49196895916384,459
-17.321981323639314,-32.22934112864511,460
49.286011361238636,-175.55568530917625,461
-38.76145761345295,63.88011377639661,462
-0.19239728221759123,-92.02861422681939,463
38.71878179769164,111.68795080264637,464
-49.269935478008094,-8.733387506579616,465
16.968341513249833,-151.81641434481898,466
23.692576206434453,47.031020942798555,467
-51.341736500696335,-88.75895607230238,468
32.96632757783534,145.644307734831,469
6.848016288210302,-13.490505318329465,470
-43.80772488350451,-165.1469754975485,471
45.78820425635228,76.60251867411918,472
-10.408520913701274,-72.96775764073999,473
-30.24960828825343,127.41420435571632,474
51.74192469675846,-1.4814742741252764,475
-26.975511417862755,-134.01180975793247,476
-13.982320181627218,65.65340644481046,477
47.73755788682103,-80.89924797601714,478
-41.308050444460854,160.1043825137374,479
3.2362867656858145,6.059900675874222,480
35.98773437107821,-151.78298269863282,481
-50.469376946469616,85.63287707794942,482
20.27211483752079,-54.030403432456595,483
20.450713540778626,144.6846849158481,484
-50.53994632605435,5.316087729377469,485
35.84375938049877,-117.51967116176063,486
3.437626240463484,84.5862987325481,487
-41.47636562448616,-69.29069376234504,488
47.6526606710818,171.6799746204023,489
-13.76915675497948,25.015051763443086,490
-27.182857439831782,-135.27638172051542,491
51.75225396309324,92.31637181005763,492
-30.04338893346056,-36.68323067891355,493
-10.623224709089385,163.63144251551205,494
45.891750658216964,14.171142280880302,495
-43.64735360894757,-103.99893778153,496
6.641901631995122,104.14272288566134,497
33.12986407776608,-54.943992336697896,498
-51.29544939212104,179.75313953928497,499
23.50604743483197,43.64217976734538,500
17.17098876760315,-117.51671534704654,501
-49.372891837096326,99.69463498659326,502
38.56786156021333,-20.950412149176532,503
0.03747720778208242,-177.30350567120885,504
-38.95999256475666,26.940028327995048,505
49.2063495387392,-93.59633075053766,506
-17.078462841779018,122.9327937395058,507
-24.047615645239087,-37.76539987586875,508
51.35293240228374,-173.79126540740435,509
-32.998065155739035,60.44949713065544,510
-7.254209430849621,-98.31743131255692,511
43.79031616912093,109.65890630131062,512
-45.75051931807585,-8.448416236584853,513
10.016496839930973,-157.79897216191577,514
30.16942407828923,42.16580664734461,515
-51.7297065734849,-86.27712199288304,516
26.65853641346147,141.17682422635883,517
13.865177313470493,-19.599461870945927,518
-47.87660470276201,-165.56192368054562,519
41.11540316969504,75.32198617036798,520
-3.344624860000527,-79.17882021234796,521
-36.289935817278256,123.5099841959498,522
50.41777438481403,0.812827629307382,523
-20.327425342081053,-139.2354197733717,524
-20.85904573251591,59.91598165962434,525
50.562625870067336,-79.68902340713234,526
-35.82279678349113,157.35707660269367,527
-3.883957201329709,-0.2137063893253728,528
41.472477788417734,-154.45219894927314,529
-47.58688163534217,86.7501015247151,530
13.351971962655785,-59.78416095364633,531
27.12701493893273,139.5095852112046,532
-51.764606199919044,7.655808209255813,533
29.716629616646248,-121.4525020120916,534
10.543618099656998,78.41271430702602,535
-46.090273217487145,-70.42266628583441,536
43.460401190358546,171.27124228098623,537
-6.701138560104621,18.942044671697357,538
-33.49329230065892,-139.61834355459942,539
51.260299646520274,94.97480811657921,540
-23.506298457499103,-41.511537442583254,541
-17.630217013120788,157.7396637132699,542
49.41037621889941,14.714600148851202,543
-38.49857045189358,-105.99005767095859,544
-0.5205490909769559,97.92342582374273,545
38.97367011141476,-58.19073367986373,546
-49.12531579074819,-178.39104999961708,547
16.639896712494213,38.167707905691046,548
24.020143346686748,-122.9464810956124,549
-51.404873193184315,101.67087724933347,550
32.665740921052176,-24.2732849932313,551
7.2155248307258555,176.49820420850784,552
-44.0531282818749,25.11766489726006,553
45.574367051911246,-93.12147834647631,554
-10.024609155555899,117.04102077559206,555
-30.593270694480307,-42.482054202075375,556
51.71533563302716,-171.0168364671685,557
-26.60437253388948,56.08122746346897,558
-14.372515867503669,-104.31967641145509,559
47.93206600342797,109.48084044441639,560
-41.00389558660463,-9.62029598716253,561
2.828336042952324,-163.92430490445736,562
36.32505748593241,38.40834000601273,563
-50.336294568560724,-83.83641709726567,564
19.871324089851285,136.03642112012702,565
20.8637476108655,-25.23303171199308,566
-50.667082286485496,-164.12221661166654,567
35.48936178594011,72.68587848333794,568
3.8892479195258227,-85.36289651071468,569
-41.80226582663568,121.04547039611431,570
47.42700238695966,2.1371267742384354,571
-13.30749725974794,-144.90004159441958,572
-27.609670730803526,54.88372052518494,573
51.77501348976692,-77.05014691116048,574
-29.609724553448405,153.5182924023084,575
-11.095992926693215,-6.2849546358077015,576
46.16673943277813,-155.35921987067024,577
-43.31474691531173,86.44140602796,578
6.155243425598246,-65.77460060828123,579
33.55358025746487,135.30785253891892,580
-51.194534653382796,10.475278144402361,581
23.036591533783966,-126.19925510562054,582
17.670664408811636,72.62234916614919,583
-49.577577368612474,-69.63487440448989,584
38.16879462871205,169.3960371173685,585
0.5724974917453641,12.810820399083003,586
-39.37140069862157,-142.66497127750463,587
48.98749275531404,97.05781043844074,588
-16.54200764728208,-46.899673236584555,589
-24.559393472297614,152.44655536158797,590
51.44358347293681,16.992625078375085,591
-32.50895447485007,-109.2262413344801,592
-7.809654703954434,91.82292840279489,593
44.15350816110844,-59.79995253182951,594
-45.40476361280584,-177.82324948544886,595
9.452777865620195,32.355077428822916,596
30.682295895736004,-127.52890089584061,597
-51.68186499361843,104.62975434633192,598
26.12510653993924,-28.5617743482846,599
14.452030295405093,170.59484016279623,600
-48.169356523895786,25.193990384322515,601
40.68295275914254,-94.17077658089326,602
-2.727463015664586,111.00171023809781,603
-36.7903594343168,-46.04596389092107,604
50.22647653421628,-168.32631934121554,605
-19.719912637647287,51.02293933073243,606
-21.456926424744992,-109.82304581711293,607
50.73707403676036,111.22077828161906,608
-35.28691797433298,-12.179294237351577,609
-4.521709074149849,-170.0152980505395,610
41.92937915463522,36.14551610540065,611
-47.24583673462395,-82.42173536857756,612
12.713446029705565,130.4472032612188,613
27.73085124742622,-30.136644278947188,614
-51.78970779244463,-161.2693615354459,615
29.1251156273283,68.9250815960391,616
11.217621334691971,-91.33798035055896,617
-46.47874233290777,120.39740613881723,618
43.008297123955366,1.9605631450725212,619
-6.003644268274411,-150.80726086582814,620
-34.08507110574755,50.86762566371422,621
51.11859956206212,-73.95692473934766,622
-22.83236548970921,148.84771440645432,623
-18.314777874935835,-11.951730704043403,624
49.68130162037359,-154.27668362069747,625
-37.92647709393892,84.63184390899104,626
-1.2397739717721266,-71.81764051194375,627
39.52800341556524,132.45195909395613,628
-48.80921553375175,12.654063428259054,629
15.929499465162301,-131.51609797797266,630
24.715984951736743,67.45260104258585,631
-51.52050018469499,-67.11152908400874,632
32.02345948041168,166.23623661783432,633
7.976138596908014,6.803482768025955,634
-44.542502742993676,-144.01586309401227,635
45.11900936769469,97.7713013745925,636
-9.249172146848997,-52.632827398706546,637
-31.277846402246134,148.04099398298123,638
51.64531843394306,20.24859440931271,639
-25.86970057723245,-113.44651350150646,640
-15.14385275588661,86.03645699484832,641
48.30882863090621,-59.437665312331106,642
-40.40830625130732,-178.8193284970165,643
2.028942041691766,26.398818342373907,644
36.97915802915068,-130.91245741039015,645
-50.06720853584916,107.43236693510931,646
19.092773136419083,-33.553310463574505,647
21.65200517628693,165.20973412067013,648
-50.88761126053944,27.20785401296867,649
34.805323441210795,-96.65442600149093,650
4.735448659616237,105.00046650358892,651
-42.395761971327055,-48.055422159941905,652
46.9875251791464,-166.7472498637173,653
-12.457136196790376,45.508286339273035,654
-28.387792973834088,-114.5590575116847,655
51.79737654237089,114.39116295213398,656
-28.8212191534199,-15.882104365778753,657
-11.953771884219783,-175.88024464694618,658
46.655670605184376,35.77218102215006,659
-42.71081234978223,-82.55670221866588,660
5.277479629200914,124.61760372354449,661
34.30872476197843,-33.98217563118446,662
-50.99542263991144,-158.0355886912703,663
22.194515123865926,64.31624301966127,664
18.551217648885675,-96.89150451122094,665
-49.91376311320735,121.77623259599888,666
37.45400234562246,0.226516672168911,667
1.502788153043492,-156.76450384241377,668
-40.070738676118516,48.256862997868005,669
48.58555421127931,-71.58913318128683,670
-15.6204398777812,143.59909865898342,671
-25.4312704529652,-16.963343804695906,672
51.57629771373278,-151.42038118112927,673
-31.67496276915141,81.51739947366107,674
-8.753140886383955,-77.72166319604449,675
44.75841754776601,131.3629820478358,676
-44.81025248534334,13.40106500944708,677
8.498982172881059,-137.17744485718487,678
31.53895780294919,63.20837665530874,679
-51.575279158063985,-63.67582996689384,680
25.22520431098604,162.07221531551593,681
15.424296442149338,1.125226089313547,682
-48.62841755170119,-143.34298402868137,683
39.95071304168716,96.85306749276971,684
-1.715059363964144,-58.507943769763756,685
-37.59616797654464,144.89207310351622,686
49.88566736014459,23.270715774935663,687
-18.73164783409215,-118.37787475729104,688
-22.422330701968086,80.79998616363375,689
50.99443679318741,-57.081798284146174,690
-34.417481588901595,178.72747220010646,691
-5.549776751741519,20.493963287517328,692
42.65212065545332,-132.67363891111373,693
-46.681154644466694,109.04399671839201,694
11.686556976500224,-39.002445421725895,695
28.688889753743616,160.62633498231432,696
-51.7963347241574,30.60376664422528,697
28.17435467453497,-100.30687913055115,698
12.280599278312115,99.23855379641998,699
-47.06481284558261,-48.11212958499721,700
42.274507231971526,-166.7985359066693,701
-4.911606866894079,39.75428757973955,702
-34.997203906697884,-118.18185848682751,703
50.863414821924984,117.87956450151943,704
-21.782826204842912,-20.440838925670903,705
-19.373116908130115,178.70542974132786,706
50.07355217147163,37.49530035862372,707
-37.03361281499663,-84.27692204513964,708
-2.35090009484128,118.74965687024755,709
40.36899593750713,-36.35853697567888,710
-48.29715261370715,-155.62513603420598,711
14.833138982055388,59.12627339389856,712
25.774779526899508,-101.75881246465391,713
-51.657836893088145,124.90472886361539,714
31.03030762909905,-2.843671194715021,715
9.128433471970641,-162.5709459240121,716
-45.25726517265053,47.483212254213896,717
44.40236016243321,-70.74741994904244,718
-8.080521281555686,138.00670795245506,719
-32.295614179010734,-20.99750020472101,720
51.499750182624396,-147.69290056441136,721
-24.765372998549896,77.39110288256072,722
-16.294212128509475,-83.2700558752459,723
48.84231312119706,132.37622323198062,724
-39.50629607139873,12.479534608795039,725
0.8366993279355879,-142.9706073012089,726
37.9378119865016,60.28015101023383,727
-49.63231579353664,-60.586705038726606,728
17.93135248709638,157.19193903798086,729
22.810547513098,-3.974931901684773,730
-51.169064901605104,-140.67313463163828,731
33.78001837603486,94.43822046709842,732
5.975280197638783,-64.32108663142218,733
-43.23909952116702,143.4390676754382,734
46.309531963300024,24.9951176265894,735
-11.215489311525177,-123.76604703215705,736
-29.510124698943937,76.41370058166859,737
51.78333069819774,-53.358417639239704,738
-27.669837018225042,175.09782937887235,739
-13.194937268666504,14.852674746868262,740
47.333397422349,-132.3990032821459,741
-41.816468388223534,108.97389705523209,742
4.006517089283231,-44.68218538007431,743
35.38376405213935,157.21094114372886,744
-50.66296680597507,34.198920992730315,745
20.97336706187311,-104.82287215924849,746
19.808171294421623,93.95274933167045,747
-50.34833863537893,-46.042391719150686,748
36.40884912151942,-168.48540803792648,749
2.8279848860618095,33.97160980048391,750
-41.04130745552743,-120.26144512501914,751
47.97030693479502,120.42943963324262,752
-14.310086865977798,-25.579464087342718,753
-26.656819262344044,174.02229609979318,754
51.71215006032434,40.981888982643575,755
-30.485726088382957,-87.34182912183,756
-10.083603120005048,113.05465053252995,757
45.58079356016411,-36.81358965399369,758
-43.943100576116294,-154.81301819751232,759
7.152202606323147,53.59997141561686,760
32.72864790822199,-105.59830919950862,761
-51.369829962711826,128.79225757242344,762
23.950744749294657,-6.936409087129005,763
16.77803212754847,-167.9985347184764,764
-49.22097328087199,48.86444724791614,765
38.900392165173635,-71.63859738926126,766
-0.3070789953622332,132.29161609698164,767
-38.69184673525806,-23.64316698609788,768
49.35919388113204,-144.42843817097003,769
-17.357647930678336,72.55062817692317,770
-23.749538436897403,-88.19878123661576,771
51.29404401438615,135.42692288280733,772
-33.20130888445008,10.050016142448595,773
-6.967722968903299,-148.68152348029815,774
43.617691316688415,59.13058073903602,775
-45.863455756958594,-58.89390479323061,776
10.26743650961563,151.86107287362282,777
29.99119037386894,-8.17873410272513,778
-51.74017588499862,-136.72782330468152,779
26.854276883143253,90.8321311183167,780
13.729211830752254,-69.84935087049472,781
-47.816716731189906,144.0917447868826,782
41.23635973376837,24.95598902885228,783
-3.42386631773301,-129.3758752427839,784
-36.21541907917036,73.26499363032806,785
50.452597825524094,-49.543581256715804,786
-20.35112936773215,170.60786043953098,787
-20.80024847201102,9.725846390348527,788
50.545903441810516,-129.93496341910267,789
-35.8034201070111,107.25061859170434,790
-3.8541926956571326,-50.37196268760503,791
41.475081788130055,155.41830038384714,792
-47.55366156592267,36.72837957825131,793
13.345812335859515,-109.91373611586822,794
27.18744050206647,89.44045927171742,795
-51.7695027069327,-42.270371503337905,796
29.673810781699007,-171.53744187705536,797
10.66974438683428,28.381638264753317,798
-46.16723106251662,-120.3383818984107,799
43.396594582091495,121.27886405268157,800
-6.5165311795549306,-31.045203731630718,801
-33.6335579750308,170.43282184576435,802
51.230841939374585,45.13920550759757,803
-23.28296887618914,-91.42484580848821,804
-17.81936799272731,107.77388491860648,805
49.49180890710431,-35.033907096422524,806
-38.27728674151997,-155.76281242508654,807
-0.749444957552549,47.96821874669078,808
39.18099983002065,-107.97402607936166,809
-48.9896765024546,132.06443821057564,810
16.380718611324045,-11.739584639725665,811
24.331163935076596,-172.76759938440304,812
-51.4623167739888,52.25855077598229,813
32.39806955694124,-74.06624098384074,814
7.606828497793635,126.67737398131177,815
-44.3040153484872,-24.42247020084913,816
45.359273162791844,-142.68382924257227,817
-9.579307421639827,67.26952539325322,818
-30.96489016976154,-92.16941946387239,819
51.68025243219595,139.69364082657137,820
-26.144934351069818,6.434594188017197,821
-14.816050013026782,-154.074847210187,822
48.16057739750844,60.177649188902976,823
-40.60640421964257,-59.01213417197649,824
2.3404165731156223,146.32465032273345,825
36.76025477244267,-11.07443314916142,826
-50.14868142841553,-132.85843484503428,827
19.36521797379926,86.36793562396586,828
21.434210004808314,-74.82735400246581,829
-50.83178218521493,146.94605436564675,830
35.014472838431665,23.223941412904896,831
4.547007755848692,-134.97788731591902,832
-42.25694013856934,71.8290193240844,833
47.101385183888404,-46.93725059194097,834
-12.606394535906196,165.55422553525773,835
-28.225475014495583,5.430051450631411,836
51.79488634180802,-125.79336378107452,837
-28.927964366815793,104.16736349867679,838
-11.79842194785067,-55.83867876854145,839
46.58327100583907,155.72519857509846,840
-42.77250533888309,37.483197718230926,841
5.409497646826116,-115.31653327696937,842
34.23448408856469,86.08744710123298,843
-51.01082854664082,-37.99440701181581,844
22.291920635027402,-175.60739311233354,845
18.50683837082162,23.239078153095537,846
-49.8983257498396,-118.13571225035564,847
37.50897292967346,120.31112296847881,848
1.4963247874993468,-36.5988433363492,849
-40.053379352402644,168.39636492874382,850
48.59956835333623,48.525562245413525,851
-15.591845310316408,-96.20536911026602,852
-25.429161445658007,103.20505597870519,853
51.57747180271435,-31.229997153723108,854
-31.622001796167684,-158.24622795816427,855
-8.773788649145652,42.465642139858,856
44.79108288739261,-108.3847126179835,857
-44.75568022273994,133.7081677955365,858
8.452003949519947,-16.96891247737417,859
31.622392597280275,-176.51774882855852,860
-51.561143072006885,56.72029833565105,861
25.152850339896393,-77.68254312405838,862
15.55800203727627,121.41170397879964,863
-48.68756189102588,-22.93433731876786,864
39.86593028583904,-142.82604517787587,865
-1.5395448910400884,61.800603647685094,866
-37.71782387773801,-94.74550273715074,867
49.83134021379678,143.7269183510199,868
-18.529452085056704,1.976115609655399,869
-22.587928739438535,-158.86836534834998,870
51.0392918622696,63.470986624758595,871
-34.21582605013607,-60.826576669827084,872
-5.748804258927535,140.8226827231777,873
42.8138009660155,-12.160004663685326,874
-46.53471816099281,-130.34518807652861,875
11.462137688520809,81.35401485446296,876
28.94007882633716,-78.91800421108285,877
-51.791242515422766,151.36368166659537,878
27.93930221146298,20.124683522181193,879
12.595588933920803,-140.3275945182579,880
-47.22801738697188,72.58183111579433,881
42.06806428870007,-46.20702217788711,882
-4.5551742657755945,160.20711708169918,883
-35.27183241860305,2.375941890884598,884
50.77668837396318,-121.29335993801112,885
-21.41262905513283,100.08353422161979,886
-19.712194677462982,-60.811983485484866,887
50.199029478123364,158.38392173421377,888
-36.69689456882452,36.405575604112656,889
-2.7296186158092666,-120.78192833800998,890
40.67886191457465,84.38152726768165,891
-48.08774381691655,-34.67475724763576,892
14.433996781804328,179.6386449320536,893
26.201385632140983,18.860652303750484,894
-51.70048696003027,-113.97870029871046,895
30.641693730264993,117.79565749097863,896
9.626626731310575,-41.99532287825942,897
-45.54907100344769,168.42566480293576,898
44.09652907258642,50.152393760437654,899
-7.545277092063587,-101.39228423877603,900
-32.73418963694714,99.7328400775637,901
51.41986017123797,-26.477830012236208,902
-24.234288735993882,-161.89890806390892,903
-16.811085433187277,37.35447047463444,904
49.08087223777401,-106.43518142931131,905
-39.051211454131696,133.42977472971728,906
0.27799648781340713,-22.361735466659837,907
38.410896291348934,-178.78382223030778,908
-49.39319942109546,60.734704820132656,909
17.361473668414504,-82.12890362787427,910
23.418238967394334,116.79436594053257,911
-51.29625905891853,-19.222118580226812,912
33.249412904681506,-144.68896250826774,913
6.6574564152428275,56.39336522143556,914
-43.67935392069552,-95.40504706095466,915
45.93117653301132,146.24237279825996,916
-10.50460725920557,-3.0104219819590345,917
-30.121172945817964,-162.70178332774609,918
51.75106606011514,68.24584443012304,919
-26.986711650146823,-63.98774477518583,920
-13.892667479841208,135.61309527605547,921
47.71232275687656,-10.950453000671851,922
-41.26325073082403,-129.77315941229773,923
3.2685364763664113,76.0703268255106,924
36.031627152579155,-81.68262239796509,925
-50.43116964769398,155.91399806671032,926
20.23815125917484,16.037057553673364,927
20.600956758795057,-145.13854503067057,928
-50.593286992423835,75.70915217898404,929
35.75067184026542,-47.34894944364,930
3.693880138867081,154.8244226823606,931
-41.64568064394952,1.0766073116140586,932
47.55107344600743,-117.93819386645555,933
-13.427861991900878,95.33986267950311,934
-27.446861423055918,-64.95330603473539,935
51.76773913026953,162.95925607498836,936
-29.66140967893518,33.799723404519746,937
-10.964144847469537,-126.05241484713105,938
46.12213445225959,84.85512204402367,939
-43.31597319311714,-33.219713765605086,940
6.236664456230186,174.5017338587316,941
33.559992506780546,15.65782875940186,942
-51.184954064543625,-109.0895836445225,943
23.05719412733678,114.12165813703328,944
17.758521035601174,-46.957717984549184,945
-49.612179738188594,170.87570172627568,946
38.132379806467675,49.79599838418216,947
0.7412884629229606,-106.71531940110597,948
-39.47245720640995,97.8505394981838,949
48.93532731936576,-22.378786719188035,950
-16.309586088832447,-166.3544552141005,951
-24.723446334887157,32.95482366925674,952
51.47503649815142,-102.25440691642942,953
-32.24898560206709,131.44548905506224,954
-8.03202632459553,-27.657007201298715,955
44.33864785157702,-179.0170509930485,956
-45.19098731396408,63.07821643106894,957
9.17711938521739,-87.07981327435651,958
31.01239021593781,113.21087721027101,959
-51.64268073480895,-14.213598123712444,960
25.81123381006044,-147.89062548648585,961
14.898812826144944,51.31905858381321,962
-48.377525564447325,-93.68007643866493,963
40.38005778871502,146.72706313916973,964
-2.1952284696536073,-8.238362281720082,965
-37.181456276939684,-165.10719863967546,966
50.06423549035266,72.94527283279189,967
-19.144074838314328,-68.10673270233913,968
-21.96152125985475,131.00117164570295,969
50.88543903263699,-7.318376827862781,970
-34.73899442408466,-131.0689749058629,971
-5.102267492761205,70.78550042657665,972
42.38863144273275,-82.57717699208001,973
-46.86891222599056,159.11567136057172,974
12.084628837719864,11.313442711881068,975
28.402975241502237,-149.04868918439323,976
-51.79866650845638,80.61554966978946,977
28.492248191731697,-50.016015240038634,978
12.028812631609878,149.67562163185013,979
-46.91594413078238,2.0660002895771212,980
42.47782621372658,-116.57251253223335,981
-5.110781857893615,90.2432674898474,982
-34.79184081562802,-67.82210446797443,983
50.9206984275136,168.07423509204855,984
-21.925273728080537,30.069212825611793,985
-19.170341815643013,-130.8337471981131,986
50.01754224793686,87.83113720962376,987
-37.11981650000485,-33.76235119783472,988
-2.180392274259991,169.26220450091347,989
40.29660017478908,14.156788507491372,990
-48.329997501636946,-105.10275802524178,991
14.953823688753758,109.66915891877026,992
25.743965464021645,-51.14424593303494,993
-51.65421926522807,175.47635839091458,994
31.09143656249247,47.72859398669874,995
9.154770726872574,-111.902796231415,996
-45.254395691943415,98.12213036285287,997
44.40850788848307,-20.115817841851268,998
-8.000593838604168,-171.28215920605138,999
-32.32033605378674,29.680339316876402,1000
51.49174026561258,-96.936563830695,1001
-24.64667365624236,128.15900232277005,1002
-16.358052202845748,-32.567617698229434,1003
48.894328134534504,-176.75891367617493,1004
-39.378558506095516,63.34712397813062,1005
0.7284017514810166,-92.23908313653726,1006
38.084515683573464,111.16237124135314,1007
-49.55503153705208,-9.560409563196012,1008
17.779152442522502,-152.02524878638573,1009
23.04593151476843,46.9027991608643,1010
-51.217676707213364,-89.55507860811676,1011
33.599094328719175,145.32576231357262,1012
6.282351938962794,-13.429789350477211,1013
-43.418906928901215,-165.51607913454862,1014
46.153896404245586,76.0897602972944,1015
-10.859912799456692,-72.82623770015485,1016
-29.781476011374625,127.37563442787335,1017
51.76988837639884,-2.019594928371418,1018
-27.30120116205872,-133.85236988418575,1019
-13.531879766366425,65.78348434206414,1020
47.54128530118923,-81.05931400621377,1021
-41.50100599394547,160.24256580288375,1022
3.6191505037073064,6.269981023875552,1023
35.77175460580121,-151.58497728947611,1024
-50.52652040368952,85.7733017299822,1025
20.55479335156172,-53.782730273553824,1026
20.318058790018192,145.0729730615675,1027
-50.50366183750093,5.588160026694075,1028
36.00449477370595,-117.24222455587305,1029
3.4167594061998208,85.08201183856553,1030
-41.43374049981045,-68.86198621495512,1031
47.69524125620366,172.04489367580106,1032
-13.683931871557386,25.599421487619956,1033
-27.187875630227715,-134.75919502871108,1034
51.754126534397535,92.8996683467834,1035
-29.88110436600434,-35.98054548107876,1036
-10.6983007397948,164.20488735479537,1037
45.98469511811146,14.942927686694004,1038
-43.47166008612165,-103.09029174375449,1039
6.487039753118815,104.77810392500236,1040
33.37524364671132,-54.11017927608544,1041
-51.23004294234841,-179.05662497520427,1042
23.27456296003705,44.38329606902917,1043
17.568377619850537,-116.65138967446276,1044
-49.53173110520002,100.95898998129086,1045
38.29578998419503,-19.992892327611422,1046
0.5628414320536972,-176.3792534925471,1047
-39.32095001608686,28.065340552349838,1048
49.01398757088682,-92.23927334301841,1049
-16.467708434077117,123.983055564207,1050
-24.55049907867788,-36.74536292559631,1051
51.450191590963726,-172.1038996494815,1052
-32.37783702243475,61.75826417007299,1053
-7.86318110560049,-97.31688126281433,1054
44.250277536972725,111.24752868884839,1055
-45.27389920605723,-6.661440123722013,1056
9.32732783808318,-156.7257984976596,1057
30.90968400182838,43.5625594587025,1058
-51.65560235421408,-83.99224401147023,1059
25.93182034425891,142.45887130552316,1060
14.803961982203344,-18.286321461913243,1061
-48.32471424949346,-163.4058974677593,1062
40.45994919333043,77.05713600147244,1063
-2.2748149304221474,-77.8248537657919,1064
-37.10022618636873,125.2437294773435,1065
50.092773359514126,3.260902353893785,1066
-19.206082824528252,-137.6873718553032,1067
-21.878908437386723,61.39772777560594,1068
50.87012950498976,-76.96178973590659,1069
-34.781945562896624,159.34745323371263,1070
-5.031896612493011,1.2057088472706352,1071
42.36225899521514,-152.15562334715457,1072
-46.89031133965741,89.52540733178789,1073
12.135272304826142,-58.252743558787294,1074
28.38781215476031,141.41038089381686,1075
-51.79873362774594,11.033691822095566,1076
28.519367215810398,-119.5705351686268,1077
12.031099407364982,80.15358274399853,1078
-46.907056644113055,-67.48577916278379,1079
42.482760103976084,173.8931580888512,1080
-5.091800403317999,20.734371095102034,1081
-34.78893858913997,-137.35018336550343,1082
50.916628010039865,98.58260267421066,1083
-21.893594839698007,-39.4242763779155,1084
-19.1814857963314,159.6524156699609,1085
50.03120965246673,18.382776937494153,1086
-37.08296747053671,-103.22965675961011,1087
-2.209435762744193,99.76100683334656,1088
40.34282962144012,-55.283208642173975,1089
-48.30323806737172,-174.52498623238833,1090
14.906058382339419,40.18618792060433,1091
25.82066407299851,-120.58791440591285,1092
-51.66112882472016,106.09230455389957,1093
31.029345332356332,-21.71999673574215,1094
9.255435678947077,178.65496781246267,1095
-45.30339655537236,28.726134238640558,1096
44.348926292955035,-89.49624598706266,1097
-7.8838073908022,119.28786037121739,1098
-32.402293752150435,-39.73965689398111,1099
51.474240852733175,-166.223995730201,1100
-24.524397088369582,58.75946539324826,1101
-16.465627090399874,-101.99735299323672,1102
48.95443950010836,113.9717459899771,1103
-39.269353952478426,-5.989299484874121,1104
0.5995107886685118,-161.6619889238601,1105
38.211908876186264,41.84424390780697,1106
-49.495552186018166,-78.79729037606732,1107
17.634727532161563,138.57973426354192,1108
23.217824299549946,-22.451768365475015,1109
-51.25062755791803,-158.74762357360987,1110
33.453134494371064,75.99498273079814,1111
6.482098158309709,-82.79447254995898,1112
-43.53749513924591,125.2256382549262,1113
46.04229943302623,6.88248387748397,1114
-10.6465589277717,-142.17480487912854,1115
-29.95355143935997,58.05296479717796,1116
51.75910189021768,-71.09822264969272,1117
-27.092164898806626,156.85046482717615,1118
-13.737908927868112,-3.5661908882248854,1119
47.66297210571146,-150.1684469137198,1120
-41.328435651341586,91.05349827555581,1121
3.3904713943813194,-63.07378681077688,1122
35.9871280211328,139.20442110696652,1123
-50.45165130623975,16.735919122472268,1124
20.316104654260545,-123.08364975632855,1125
20.58765104365008,75.80110161865974,1126
-50.58056635712928,-63.42536934995196,1127
35.78125697784779,173.55869635184288,1128
3.7158014032565783,15.793825556968681,1129
-41.63153522635752,-137.99935930440586,1130
47.546285172233965,103.02983601060704,1131
-13.375740663775897,-43.66402678085795,1132
-27.45426051470715,156.00670600247346,1133
51.77029200464982,24.026728662438774,1134
-29.590003384101568,-105.1651849529399,1135
-11.004231113623373,94.93255338287288,1136
46.180655725161586,-54.02559122669115,1137
-43.24645663849318,-172.1140315814732,1138
6.159122503753932,35.51545567359863,1139
33.68394850994167,-123.22532493077534,1140
-51.15859162009112,112.11458037673353,1141
22.94472291368982,-24.81587750168028,1142
17.93747429571603,174.15459260878143,1143
-49.66863093315527,32.107606927115064,1144
38.003297727498094,-89.0443863820382,1145
0.9609384188172809,114.40913031218292,1146
-39.605739996236224,-40.96604657636247,1147
48.844451105600804,-161.0447797552396,1148
-16.06693417949683,54.8096949634343,1149
-24.91449094442257,-105.89783452604641,1150
51.5127435620649,119.2182548621302,1151
-32.010353553504615,-7.3018545786601,1152
-8.269938117195094,-166.5133814798038,1153
44.53087829254807,42.40077273211011,1154
-45.00870798544532,-75.50103875103096,1155
8.901223414071138,134.09580104544506,1156
31.315854295785666,-25.467034593227744,1157
-51.6072214327429,-152.61001227330783,1158
25.51474564346494,73.37070947473784,1159
15.273767382145506,-87.40593329698775,1160
-48.53544964591936,127.8856820827063,1161
40.107854077797235,8.170956367729183,1162
-1.7783395139890796,-146.95873694450802,1163
-37.47823517895414,56.30554754522049,1164
49.92133942660031,-65.32133281592691,1165
-18.715550221468668,153.23566141255245,1166
-22.343049202567634,-7.678438573285758,1167
50.996902173870104,-145.46131375772384,1168
-34.344901172510156,90.4257606964864,1169
-5.539922803029814,-67.91533858568123,1170
42.73575825486804,139.10226386217113,1171
-46.5997955649927,20.888584232907764,1172
11.612554737630571,-127.3425881896683,1173
28.894575160433025,72.45841705339632,1174
-51.79312723721291,-57.3781314225226,1175
28.01988543568207,171.46331370742902,1176
12.602294126363638,11.106183941526263,1177
-47.203177191384924,-136.07085237344012,1178
42.08253401685664,105.19151022145499,1179
-4.4980518715772115,-48.31954083419037,1180
-35.265077294022596,153.7942290785702,1181
50.76344373293489,30.231780453711234,1182
-21.316760749147182,-108.39711264208316,1183
-19.74767133043164,90.64867768109737,1184
50.237858878225026,-49.9593592043005,1185
-36.58449456646962,-171.99710402474028,1186
-2.8187155394848538,30.716100425498112,1187
40.81565863462449,-123.93554481632769,1188
-48.0040738817517,117.05800975390564,1189
14.288858928719035,-28.809558176342904,1190
26.430313919032137,170.5316061536342,1191
-51.71720389034402,37.87396533213328,1192
30.453321454736997,-90.55129966294757,1193
9.928234545109357,109.67873319942723,1194
-45.694259420045306,-39.7541896680479,1195
43.91402741496893,-157.99329708944373,1196
-7.194324578922776,50.31724105974799,1197
-32.9803828897216,-108.52120390090694,1198
51.36025456258467,125.65747387602907,1199
-23.86542905008118,-10.099968623270817,1200
-17.135192158004077,-170.9312487427634,1201
49.254134454809886,45.7641510004062,1202
-38.71908084726227,-74.58488162182671,1203
-0.1105615020800088,129.3709687892294,1204
38.78896187169458,-26.730757064475956,1205
-49.2062643702,-146.98077062021198,1206
16.92578147959087,69.6849376015867,1207
23.931961905870097,-91.26533773433647,1208
-51.38571971449687,133.2088572138527,1209
32.807617287070215,7.3132789858811025,1210
7.256292191578235,-151.69953104289917,1211
-44.03048219379761,56.833422088683804,1212
45.58827885815803,-61.39005149222531,1213
-9.8633304693204,148.94230238476996,1214
-30.636510359585152,-10.661220334912956,1215
51.705227156893464,-138.99182430348998,1216
-26.35603764525365,88.11535078924308,1217
-14.511691594758215,-72.43166788417346,1218
48.066344094931466,141.7357728463102,1219
-40.73767411630319,22.64891688530969,1220
2.5805113530131676,-131.96021862704816,1221
36.67203245404299,70.69668372547152,1222
-50.192249214777014,-51.20557923403847,1223
19.518811661108785,168.1307517394065,1224
21.407294940816577,7.05125372152589,1225
-50.80985461200549,-131.31698369819617,1226
35.07464341006414,105.04326993226262,1227
4.590786145420805,-53.03904278370484,1228
-42.23232605520939,153.68232537550242,1229
47.09079141573532,35.0002025586717,1230
-12.501232898494422,-112.45359754900886,1231
-28.24426146398824,87.35487412111964,1232
51.79650068925971,-43.65749300090444,1233
-28.782614340283402,-173.76330954856456,1234
-11.8826201117575,26.13513251975321,1235
46.695946601418036,-122.03062246794077,1236
-42.62837380222656,119.69251274788418,1237
5.250631497013028,-33.28658689971607,1238
34.47930111244738,168.32631670411044,1239
-50.94999052253206,44.416515858539334,1240
22.063221973416827,-93.48252902593738,1241
18.863146888072517,105.46650380780822,1242
-50.00480604928946,-35.656987616316634,1243
37.24551072032079,-157.3750167556928,1244
1.9357303839086268,45.6504332894165,1245
-40.31859383590648,-109.22210305329511,1246
48.407084624261834,131.18359277105438,1247
-15.104131145022167,-13.87973020966756,1248
-25.8130820653521,-174.4908526311056,1249
51.63722073947356,51.72086020211553,1250
-31.138657658154617,-75.74848491358857,1251
-9.25290603302328,124.7578747502865,1252
45.16421350151196,-25.531953358644767,1253
-44.37845572897902,-143.46309166734414,1254
7.896028370989816,65.38298705749892,1255
32.22341841846194,-93.86195085212418,1256
-51.47047676713757,139.92858399977843,1257
24.554005821574858,4.8343620907658815,1258
16.305560806600766,-156.03313123066786,1259
-48.98863979094861,60.223400176325505,1260
39.31052456190819,-59.95475937117623,1261
-0.7050970383507109,144.35967139241157,1262
-38.30625254669827,-11.897424802874966,1263
49.523313784861635,-132.8251068714624,1264
-17.668006462647174,84.65451650561448,1265
-23.351250508325336,-76.21489448323939,1266
51.23538907971493,147.20065528415734,1267
-33.4170641018371,22.147004391243346,1268
-6.627047336179886,-136.57385404844166,1269
43.491475009567644,71.22646282588889,1270
-45.974561414483816,-46.82283616439794,1271
10.512980681306871,164.03977287622067,1272
29.915440617163373,4.112704044395586,1273
-51.74855915018866,-124.61818108845168,1274
26.985813376557,103.07034189673175,1275
13.739919237423784,-57.460001421420664,1276
-47.7810843636496,156.34633564887824,1277
41.259172261704435,37.29197119266701,1278
-3.328092894145014,-116.92013447856995,1279
-36.21042668559895,85.63741042155362,1280
50.42702949124123,-37.00148110366129,1281
-20.188667880276338,-176.86043615856968,1282
-20.866048043857173,22.167664409333874,1283
50.603265750810664,-117.16784398958342,1284
-35.61006134259159,119.91022969291323,1285
-4.009190526950241,-37.869738118423086,1286
41.69663725959951,168.23331398784413,1287
-47.40301031153529,49.6138360137532,1288
13.09776710457973,-97.32490557175562,1289
27.56502335017798,102.23232138785032,1290
-51.78352934434696,-29.167769361821172,1291
29.35288619129058,-158.78601999733107,1292
11.171055897525507,41.17459364701106,1293
-46.40243491083163,-107.27742255298531,1294
43.08016097855793,134.35500602642267,1295
-5.929773951108591,-18.197479126828732,1296
-34.044488013853474,-176.63682955527025,1297
51.108018336861264,58.68868407848576,1298
-22.661697111364095,-78.43441863101515,1299
-18.363909434233786,120.64306586337374,1300
49.75644110957656,-21.34445577601555,1301
-37.709153580506296,-142.47156326330406,1302
-1.4031989175389512,60.86114087629829,1303
39.79692829516294,-94.52658552645649,1304
-48.650252447029,145.85443976953314,1305
15.646618277308493,1.280246312897527,1306
25.180608647642906,-159.51971105349688,1307
-51.579320794650265,66.33650280601923,1308
31.648991955471157,-60.74645458971434,1309
8.603351272862849,139.86026499937805,1310
-44.87266859261115,-10.646654825285877,1311
44.76152596447696,-128.77292012756484,1312
-8.506726847269386,80.51935550215269,1313
-31.820199341472446,-78.73892277343116,1314
51.55912645480605,154.28842839892508,1315
-25.08239225017262,19.9224440572937,1316
-15.850554063272847,-140.80123547240348,1317
48.71274739207095,74.69956426604439,1318
-39.705088006064415,-45.01053833480304,1319
1.187287636557829,159.61018829605877,1320
37.80781648258507,2.9294123116575523,1321
-49.70346256453464,-118.08529045221674,1322
18.15566914581653,99.84641967806431,1323
22.769597344683206,-61.158639379087,1324
-51.14428587481499,161.94773503631805,1325
33.86736188841989,37.1771106968807,1326
6.040814558161507,-121.41259913321858,1327
-43.210808167183984,86.23251619376963,1328
46.29083081342289,-32.09498606825077,1329
-11.055561344223882,179.22220915930345,1330
-29.54788238396533,19.313257653338166,1331
51.776941206268454,-110.15258912773031,1332
-27.44571034445464,118.19971170805572,1333
-13.331099040807917,-42.176698654116755,1334
47.49117886834867,170.9816401512456,1335
-41.58785438809009,52.282306399252604,1336
3.7587997489033858,-101.63080831217103,1337
35.743046605055426,100.58306698380787,1338
-50.551250526470334,-22.18063107221057,1339
20.620910971323156,-161.63536047886268,1340
20.33850350277275,37.30160600773627,1341
-50.490589073108055,-102.28817029591865,1342
36.00063473479054,134.97273381014935,1343
3.487154208372352,-22.652955989076244,1344
-41.43452109611278,-176.65122545205293,1345
47.65547904493042,64.39100938491842,1346
-13.572865834096367,-82.09703755877618,1347
-27.236590199936302,117.50298914619194,1348
51.76220812778307,-14.581340901242983,1349
-29.74620948843564,-143.61336052260455,1350
-10.81015631918316,56.50617411884993,1351
46.110948613363945,-92.49091364218118,1352
-43.34673298237356,149.39789067868927,1353
6.307990729148983,-2.86977659892186,1354
33.614748162985165,-161.58385720891465,1355
-51.18442926358981,73.60209785987193,1356
23.03814251690236,-63.174286215911614,1357
17.893090122945395,135.84831874658673,1358
-49.63333075713241,-6.334924914259163,1359
38.04081320334488,-127.37126340169544,1360
0.9458391267207732,76.130778642712,1361
-39.55991392141701,-79.31252046048075,1362
48.84314820811348,160.69391092204532,1363
-16.055164160627527,16.553463660663564,1364
-24.89427256037359,-144.18519759762475,1365
51.51989770264619,81.05475239005514,1366
-31.977991819848047,-45.527769701053025,1367
-8.29191599151166,155.23771288297286,1368
44.59075193069206,4.2809377277439165,1369
-44.97040850029011,-113.67001335251281,1370
8.831592706508902,95.88555465177085,1371
31.433581856859366,-63.589005295197886,1372
-51.59674907452872,169.30446816411697,1373
25.402920235378133,35.220200109802875,1374
15.438486973757604,-125.53009492498876,1375
-48.58955260546584,89.83313339481025,1376
39.97924095335059,-29.86589742087263,1377
-1.5798477374018949,174.93062631810224,1378
-37.60147248356844,18.232158417336933,1379
49.84234181778054,-103.16976658310979,1380
-18.49887299183043,115.16546408405054,1381
-22.5279280509353,-45.76551040385984,1382
51.05890252086367,176.8040889057474,1383
-34.13464979965587,52.44534072912862,1384
-5.780217879875838,-105.99103865440269,1385
42.94825309801613,101.28996788099539,1386
-46.4471686249964,-16.923695315961282,1387
11.326375534709513,-165.37242410583983,1388
29.20890081492627,34.55091845936294,1389
-51.7854879121455,-95.0262061333382,1390
27.710507640701778,133.53839378821453,1391
12.97929214453755,-26.844235086334923,1392
-47.37726874593069,-173.76869760789626,1393
41.80661076191574,67.47901596448267,1394
-4.086761848209685,-86.261047024199,1395
-35.57210121194947,115.96562141510348,1396
50.643030844302736,-7.1753019412365395,1397
-20.900259171494174,-146.26943599475777,1398
-20.143740259919827,52.7490544953116,1399
50.391418880670564,-87.29213740843095,1400
-36.209219447292796,150.2948566908674,1401
-3.278613360057215,-7.188433649280645,1402
41.19977505968309,-161.4754059903911,1403
-47.76520290588917,79.63965976912894,1404
13.789107539890157,-66.65127508121692,1405
26.948911625292634,132.82033216129267,1406
-51.751793384206735,0.6600990216086063,1407
29.955824532315788,-128.22965646367518,1408
10.519659248197998,71.89617260031375,1409
-46.01462813562693,-77.13430192183351,1410
43.51301696403707,164.65555248072528,1411
-6.571854284049603,12.548383226505543,1412
-33.48322305818304,-146.12925786868593,1413
51.23732847809573,88.71002350741242,1414
-23.255396681538294,-47.759829323033784,1415
-17.747197592856725,151.34662884487716,1416
49.5321227402836,8.798162660136436,1417
-38.194145826250534,-111.99004181965478,1418
-0.7904191564621239,91.63767749916911,1419
39.36015285345236,-64.02949898411795,1420
-48.91300999436354,176.0290909707626,1421
16.21651733224431,32.04142285942691,1422
24.660826456541315,-128.7951574820994,1423
-51.50070817409701,96.4126458501866,1424
32.1333973758933,-30.094096218141395,1425
8.063372251156864,170.68216158764858,1426
-44.51926370719957,19.73494191840304,1427
45.088067032376266,-98.34148022367548,1428
-9.032132558687666,111.35172217765569,1429
-31.344911416889662,-48.069031794341285,1430
51.62011681561608,-175.47419887479654,1431
-25.56012310459199,50.68547068190054,1432
-15.343197492504268,-109.98362938440107,1433
48.49727175551573,105.09730462856128,1434
-40.081268005295286,-14.419510041511852,1435
1.6812353715819228,-169.52014541434505,1436
37.442706952938245,33.61192308324343,1437
-49.87990680907336,-87.73925157662856,1438
18.605256064577624,130.69801864762053,1439
